{
"key":"en-US",
"menu.dashboard":"Overview",
"menu.profile":"Profile",
"menu.profile.overview":"Overview",
"menu.profile.settings":"Settings",
"menu.profile.password":"Password",
"menu.place":"Devices",
"menu.place.placelist":"Places",
"menu.place.meterlist":"Meters",
"validations.required":"This field is required",
"validations.minlength":"Should have atleast {{number}} characters",
"validations.maxlength":"This value should be less than {{number}} characters",
"validations.min":"This value should be more than {{number}}",
"validations.max":"This value should be less than {{number}}",
"validations.exist":"The {{value}} has exists",
"validations.inconsistent":"Inconsistent with {{value}}",
"user.profile":"Profile",
"user.settings":"Settings",
"user.logout":"Logout",
"user.password.old":"Old password",
"user.password.new":"New password",
"user.password2":"Confirm password",
"login.title":"Welcome back",
"login.username":"Username",
"login.fullname":"Full name",
"login.password":"Password",
"login.remember-me":"Remember me",
"login.login":"Login",
"login.have-no-account":"Don't have an account",
"login.create-one":"Click here to create one",
"login.please-enter":"Please enter",
"login.email":"Email",
"login.phone":"Phone",
"login.address":"Address",
"login.remark":"Remark",
"register.welcome":"Welcome",
"register.title":"It only takes a few seconds to create your account",
"register.confirm-password":"Confirm password",
"register.agree":"I have read and agree to the terms of service",
"register.have-an-account":"Already have an account",
"register.register":"Create account",
"common.save":"Save",
"common.languages":"Languages",
"common.timezone":"Timezone",
"home":"Home",
"common.name":"Name",
"place.price":"Power Tariff",
"place.price-unit":"Currency",
"place.place-setting":"Place Setting",
"common.close":"Close",
"place.meter-count":"Meters",
"common.addtime":"Add Time",
"common.remark":"Remark",
"common.operation":"Operation",
"place.add-place":"New place",
"place.add-meter":"New meter",
"common.sn":"SN",
"place.meter-setting":"Meter Setting",
"common.delete":"Delete",
"common.delete-tip":"This operation will delete all imformation related.Are you sure to continue?",
"common.confirm-ok":"OK",
"bll.dy":"Voltage",
"bll.dl":"Current",
"bll.gl":"Power",
"bll.ydl":"Grid Consumption",
"bll.kdl":"Exported Energy",
"bll.meter.type":"Type",
"bll.usetype.grid":"Grid",
"bll.usetype.inverter":"Inverter",
"bll.usetype.load":"Load",
"bll.meter.type1":"Single phase",
"bll.meter.type3":"Three phase",
"place.meter.usetype":"Use Type",
"place.meter.coefficient":"CT Ratio",
"bll.overview-place-view":"Place View",
"bll.overview-meter-view":"Meter View",
"place.current-power":"Current power",
"place.monthly-energy":"Consumption(month)",
"place.monthly-bill":"Bill(month)",
"place.yearly-energy":"Consumption(year)",
"place.yearly-bill":"Bill(year)",
"place.overview-energy":"Consumption",
"place.overview-bill":"Bill",
"place.feedin.price":"Feed-in Price",
"place.menu.overview":"Overview",
"place.menu.history":"History Record",
"place.menu.report":"Report Analysis",
"place.overview.yield-consumption":"Yield & Consumption",
"bll.today":"Today",
"bll.thismonth":"Month",
"bll.yield":"Yield Energy",
"bll.self-use-rate":"Direct self-use rate",
"bll.exported-energy":"Exported Energy",
"bll.income":"Income",
"bll.selft-use-energy":"Direct self-use",
"bll.saving":"Saving",
"bll.grid-consumption":"Grid Consumption",
"bll.bill":"Bill",
"bll.site-photo":"Photo",
"bll.power-line":"Power",
"bll.current-status":"Current state",
"place.overview.yield":"Yield",
"place.overview.load":"Load",
"place.overview.feed-in":"Feed-in",
"place.overview.battery":"Battery",
"common.weather":"Weather",
"common.total":"Total",
"bll.consumption":"Consumption",
"bll.energy-balance":"Energy Balance",
"common.all":"All",
"bll.forward-to-cloud-title":"Forward data to IAMMETER cloud platform",
"common.daily":"Daily",
"common.monthly":"Monthly",
"common.yearly":"Yearly",
"bll.report-type":"Report Type",
"common.export":"Data Export",
"common.time":"Time",
"common.type.table":"Table",
"common.type.chart":"Chart",
"bll.select-meter":"Select Meter",
"common.start-time":"Start Time",
"common.end-time":"End Time",
"bll.select-column":"Select Data",
"common.view":"View",
"bll.total-saving":"Total Saving",
"place.overview.power-now":"Power Now",
"place.overview.energy-today":"Today's Energy",
"place.overview.energy-monthly":"Monthly Energy",
"place.overview.energy-yearly":"Yearly Energy",
"place.overview.energy-total":"Total Energy"
}
