{
"key":"zh-CN",
"menu.dashboard":"数据概览",
"menu.profile":"个人信息",
"menu.profile.overview":"概述",
"menu.profile.settings":"用户设置",
"menu.profile.password":"修改密码",
"menu.place":"设备管理",
"menu.place.placelist":"地点列表",
"menu.place.meterlist":"电表列表",
"validations.required":"该字段必填",
"validations.minlength":"必须大于 {{number}} 个字符",
"validations.maxlength":"必须小于 {{number}} 个字符",
"validations.min":"值必须大于 {{number}}",
"validations.max":"值必须小于 {{number}}",
"validations.exist":"{{value}} 已存在",
"validations.inconsistent":"与 {{value}} 不一致",
"user.profile":"个人信息",
"user.settings":"偏好设置",
"user.logout":"退出",
"user.password.old":"旧密码",
"user.password.new":"新密码",
"user.password2":"确认密码",
"login.title":"欢迎回来",
"login.username":"用户名",
"login.fullname":"全名",
"login.password":"密码",
"login.remember-me":"记住我",
"login.login":"登入",
"login.have-no-account":"没有账号",
"login.create-one":"点此创建一个",
"login.please-enter":"请输入",
"login.email":"Email",
"login.phone":"电话",
"login.address":"地址",
"login.remark":"备注",
"register.welcome":"欢迎",
"register.title":"创建您的账户只需几秒钟",
"register.confirm-password":"确认密码",
"register.agree":"我已阅读并同意服务条款",
"register.have-an-account":"已经有账号了",
"register.register":"创建账号",
"common.save":"保存",
"common.languages":"语言",
"common.timezone":"时区",
"home":"首页",
"common.name":"名称",
"place.price":"电价",
"place.price-unit":"货币符号",
"place.place-setting":"地点设置",
"common.close":"关闭",
"place.meter-count":"电表数量",
"common.addtime":"添加时间",
"common.remark":"备注",
"common.operation":"操作",
"place.add-place":"添加地点",
"place.add-meter":"添加电表",
"common.sn":"SN",
"place.meter-setting":"设置电表",
"common.delete":"删除",
"common.delete-tip":"该操作将会删除其关联的全部信息，确定要删除吗？",
"common.confirm-ok":"确定",
"bll.dy":"电压",
"bll.dl":"电流",
"bll.gl":"功率",
"bll.ydl":"用电量",
"bll.kdl":"馈电量",
"bll.meter.type":"类型",
"bll.usetype.grid":"电网",
"bll.usetype.inverter":"逆变器",
"bll.usetype.load":"负载",
"bll.meter.type1":"单相表",
"bll.meter.type3":"三相表",
"place.meter.usetype":"使用类型",
"place.meter.coefficient":"互感电流",
"bll.overview-place-view":"地点视图",
"bll.overview-meter-view":"电表视图",
"place.current-power":"当前功率",
"place.monthly-energy":"当月电量",
"place.monthly-bill":"当月账单",
"place.yearly-energy":"当年电量",
"place.yearly-bill":"当年账单",
"place.overview-energy":"用电量",
"place.overview-bill":"账单",
"place.feedin.price":"并网电价",
"place.menu.overview":"地点概览",
"place.menu.history":"历史数据",
"place.menu.report":"报表分析",
"place.overview.yield-consumption":"发电和用电信息",
"bll.today":"当天",
"bll.thismonth":"当月",
"bll.yield":"发电量",
"bll.self-use-rate":"自发自用率",
"bll.exported-energy":"并网电量",
"bll.income":"并网收入",
"bll.selft-use-energy":"自发自用",
"bll.saving":"节省电费",
"bll.grid-consumption":"电网用电",
"bll.bill":"账单",
"bll.site-photo":"照片展示",
"bll.power-line":"功率曲线",
"bll.current-status":"当前状态",
"place.overview.yield":"发电",
"place.overview.load":"负载",
"place.overview.feed-in":"馈网",
"place.overview.battery":"电池",
"common.weather":"天气情况",
"common.total":"总计",
"bll.consumption":"耗电",
"bll.energy-balance":"能量平衡",
"common.all":"所有",
"bll.forward-to-cloud-title":"将数据同时转发到IAMMETER云平台",
"common.daily":"日报",
"common.monthly":"月报",
"common.yearly":"年报",
"bll.report-type":"报表类型",
"common.export":"数据导出",
"common.time":"时间",
"common.type.table":"表格模式",
"common.type.chart":"图表模式",
"bll.select-meter":"选择电表",
"common.start-time":"开始时间",
"common.end-time":"截止时间",
"bll.select-column":"选择字段",
"common.view":"查看",
"bll.total-saving":"总共节省",
"place.overview.power-now":"当前功率",
"place.overview.energy-today":"当天能耗",
"place.overview.energy-monthly":"当月能耗",
"place.overview.energy-yearly":"当年能耗",
"place.overview.energy-total":"总用能耗"
}
