{
"key":"en-US",
"validate.invalid-password":"Invalid username or password",
"validate.invalid-token":"Invalid token.",
"validate.invalid-confirm-password":"Invalid password",
"validate.invalid-new-password":"Invalid new password",
"validate.invalid-old-password":"invalid old password",
"common.save-ok":"Save successful.",
"common.invalid-id":"Invalid id.",
"common.add-ok":"Add successful",
"common.delete-ok":"Delete successful",
"place.invalid-sn-exist":"SN has been added, please check.",
"validate.username-required":"Username required.",
"user.invalid-lang":"Invalid language settings",
"validate.sn-required":"SN required",
"validate.name-required":"Name required.",
"validate.username-invalid-length":"The username length range 4-20",
"validate.invalid-meter-type":"Invalid meter type",
"validate.invalid-meter-use-type":"Invalid meter use type",
"validate.invalid-meter-coefficient":"Invalid meter ct-ratio",
"validate.invalid-sn":"Invalid SN.",
"validate.invalid-upload-interval":"The upload frequency is too fast and has been blocked",
"bll.dy":"Voltage",
"bll.dl":"Current",
"bll.gl":"Power",
"bll.ydl":"Grid Consumption",
"bll.kdl":"Exported Energy",
"place.overview.yield":"Yield",
"place.overview.load":"Load",
"place.overview.feed-in":"Feed-in"
}
