{
"key":"zh-CN",
"validate.invalid-password":"错误的用户名密码",
"validate.invalid-token":"无效的token",
"validate.invalid-confirm-password":"两次密码不一致",
"validate.invalid-new-password":"新密码不符合要求",
"validate.invalid-old-password":"旧密码输入错误",
"common.save-ok":"保存成功",
"common.invalid-id":"错误的标识Id",
"common.add-ok":"添加成功",
"common.delete-ok":"删除成功",
"place.invalid-sn-exist":"SN已经被添加过，请检查",
"validate.username-required":"必须填写用户名",
"user.invalid-lang":"错误的语言设置",
"validate.sn-required":"必须填写SN",
"validate.name-required":"必须填写名称",
"validate.username-invalid-length":"用户名长度范围4-20",
"validate.invalid-meter-type":"错误的电表类型",
"validate.invalid-meter-use-type":"错误的电表使用类型",
"validate.invalid-meter-coefficient":"错误的电表互感电流 ",
"validate.invalid-sn":"错误的SN",
"validate.invalid-upload-interval":"上传频率太快，已被阻止",
"bll.dy":"电压",
"bll.dl":"电流",
"bll.gl":"功率",
"bll.ydl":"用电量",
"bll.kdl":"馈电量",
"place.overview.yield":"发电",
"place.overview.load":"负载",
"place.overview.feed-in":"馈网"
}
